Nome,Twitter,Partito,Tipo
ACQUAROLI Francesco,AcquaroliF,FDI,Camera
BELLUCCI Maria Teresa,MaresaBellucci,FDI,Camera
BUCALO Carmela,\N,FDI,Camera
BUTTI Alessio,216895644,FDI,Camera
CARETTA Maria Cristina,\N,FDI,Camera
CIABURRO Monica,monicaciaburro,FDI,Camera
CIRIELLI Edmondo,edmondocirielli,FDI,Camera
CROSETTO Guido,GuidoCrosetto,FDI,Camera
DE CARLO Luca,decarlosindaco,FDI,Camera
DEIDDA Salvatore,deidda,FDI,Camera
DELMASTRO DELLE VEDOVE Andrea,DelmastroAndrea,FDI,Camera
DONZELLI Giovanni,Donzelli,FDI,Camera
FERRO Wanda,WandaFerro,FDI,Camera
FIDANZA Carlo,FidanzaCarlo,FDI,Camera
FOTI Tommaso,TommasoFoti,FDI,Camera
FRASSINETTI Paola,FrassinettiP,FDI,Camera
GEMMATO Marcello,marcellogemmato,FDI,Camera
LOLLOBRIGIDA Francesco,\N,FDI,Camera
LUCASELLI Ylenja,ylucaselli,FDI,Camera
MASCHIO Ciro,\N,FDI,Camera
MELONI Giorgia,GiorgiaMeloni,FDI,Camera
MOLLICONE Federico,fmollicone,FDI,Camera
MONTARULI Augusta,augustamontarul,FDI,Camera
OSNATO Marco,MarcoOsnato,FDI,Camera
PRISCO Emanuele,EmanuelePrisco,FDI,Camera
RAMPELLI Fabio,fabiorampelli,FDI,Camera
RIZZETTO Walter,w_rizzetto,FDI,Camera
ROTELLI Mauro,\N,FDI,Camera
SILVESTRONI Marco,Silvestroninews,FDI,Camera
TRANCASSINI Paolo,PTrancassini,FDI,Camera
VARCHI Maria Carolina,CarolinaVarchi,FDI,Camera
ZUCCONI Riccardo,\N,FDI,Camera
ACUNZO Nicola,nicola_acunzo,CD,Camera
ADELIZZI Cosimo,cosimo_adelizzi,M5S,Camera
AIELLO Davide,DavideAiello85,M5S,Camera
AIELLO Piera,\N,M5S,Camera
ALAIMO Roberta,\N,M5S,Camera
ALEMANNO Maria Soave,msalemanno,M5S,Camera
AMITRANO Alessandro,AleAmitrano,M5S,Camera
ANGIOLA Nunzio,NunzioAngiola,M5S,Camera
APRILE Nadia,\N,M5S,Camera
ARESTA Giovanni Luca,glaresta,M5S,Camera
ASCARI Stefania,stefania_ascari,M5S,Camera
AZZOLINA Lucia,AzzolinaLucia,M5S,Camera
BALDINO Vittoria,BaldinoVittoria,M5S,Camera
BARBUTO Elisabetta Maria,\N,M5S,Camera
BARONI Massimo Enrico,M5S_Baroni,Ex M5S,Camera
BATTELLI Sergio,BattelliM5S,M5S,Camera
BELLA Marco,\N,M5S,Camera
BERARDINI Fabio,fabioberardini,CD,Camera
BERTI Francesco,FrancescoBerti_,M5S,Camera
BILOTTI Anna,bilotti_anna,M5S,Camera
BOLOGNA Fabiola,\N,Cambiamo!,Camera
BONAFEDE Alfonso,AlfonsoBonafede,M5S,Camera
BRESCIA Giuseppe,g_brescia,M5S,Camera
BRUNO Raffaele,\N,M5S,Camera
BUFFAGNI Stefano,SBuffagni,M5S,Camera
BUOMPANE Giuseppe,BuompaneG,M5S,Camera
BUSINAROLO Francesca,FrancBusinarolo,M5S,Camera
CABRAS Pino,Pinokabras,Ex M5S,Camera
CADEDDU Luciano,\N,M5S,Camera
CANCELLERI Azzurra Pia Maria,Azzurra_C,M5S,Camera
CANTONE Luciano,\N,M5S,Camera
CAPPELLANI Santi,\N,M5S,Camera
CARABETTA Luca,lucacarabetta,M5S,Camera
CARBONARO Alessandra,alecarbonaroM5S,M5S,Camera
CARELLI Emilio,EmilioCarelli,Ex M5S,Camera
CARINELLI Paola,berenice0104,M5S,Camera
CASA Vittoria,\N,M5S,Camera
CASO Andrea,andreacaso85,M5S,Camera
CASSESE Gianpaolo,casseseM5S,M5S,Camera
CASTELLI Laura,LaCastelliM5s,M5S,Camera
CATALDI Roberto,\N,M5S,Camera
CATTOI Maurizio,\N,M5S,Camera
CHIAZZESE Giuseppe,chiazzeseM5S,M5S,Camera
CILLIS Luciano,cillis_luciano,M5S,Camera
CIMINO Rosalba,\N,M5S,Camera
CIPRINI Tiziana,TiziCip,M5S,Camera
COLLETTI Andrea,AndCol81,Ex M5S,Camera
COMINARDI Claudio,cla_cominardi,M5S,Camera
CORDA Emanuela,Emanuela_Corda,Ex M5S,Camera
CORNELI Valentina,UnaValeUno,M5S,Camera
COSTANZO Jessica,JCostanzo_M5S,Ex M5S,Camera
CRIPPA Davide,crippa5stelle,M5S,Camera
CUBEDDU Sebastiano,\N,M5S,Camera
CUNIAL Sara,\N,M5S,Camera
CURRO' Giovanni,Giova_Curro,M5S,Camera
DADONE Fabiana,DadoneFabiana,M5S,Camera
DAGA Federica,FedericaDaga,M5S,Camera
DALL'OSSO Matteo,matteodallosso,M5S,Camera
D'AMBROSIO Giuseppe,GiuseppeDAmbro1,Ex M5S,Camera
D'ARRANDO Celeste,CeledarrandoM5S,M5S,Camera
DE CARLO Sabrina,sabrina_decarlo,M5S,Camera
DE GIORGI Rosalba,\N,Ex M5S,Camera
DE GIROLAMO Carlo Ugo,\N,M5S,Camera
DEIANA Paola,Paola_Deiana,M5S,Camera
DEL GROSSO Daniele,DgPilot81,M5S,Camera
DEL MONACO Antonio,delmonaco12,M5S,Camera
DE LORENZIS Diego,DiegoDeLorenzis,M5S,Camera
DE LORENZO Rina,\N,M5S,Camera
DEL RE Emanuela Claudia,ecdelre,M5S,Camera
DEL SESTO Margherita,MargheritaDelSe,M5S,Camera
DE TOMA Massimiliano,\N,M5S,Camera
DIENI Federica,federicadieni,M5S,Camera
DI LAURO Carmen,\N,M5S,Camera
DI MAIO Luigi,luigidimaio,M5S,Camera
D'INCA' Federico,FedericoDinca,M5S,Camera
D'IPPOLITO Giuseppe,pinodippo,M5S,Camera
DI SARNO Gianfranco,\N,M5S,Camera
DI STASIO Iolanda,8.33401295478329E+017,M5S,Camera
DI STEFANO Manlio,ManlioDS,M5S,Camera
DONNO Leonardo,LeonDonnoM5S,M5S,Camera
DORI Devis,\N,M5S,Camera
D'ORSO Valentina,\N,M5S,Camera
D'UVA Francesco,F_DUva,M5S,Camera
EHM Yana Chiara,\N,Ex M5S,Camera
EMILIOZZI Mirella,\N,M5S,Camera
ERMELLINO Alessandra,AErmellino,CD,Camera
FANTINATI Mattia,MFantinati,M5S,Camera
FARO Marialuisa,MarialuisaFaro,M5S,Camera
FEDERICO Antonio,\N,M5S,Camera
FERRARESI Vittorio,Ferraresi_V,M5S,Camera
FICARA Paolo,\N,M5S,Camera
FICO Roberto,Roberto_Fico,M5S,Camera
FIORAMONTI Lorenzo,lofioramonti,Verdi,Camera
FLATI Francesca,9.73305100612534E+017,M5S,Camera
FONTANA Ilaria,ilariafontana5s,M5S,Camera
FORCINITI Francesco,Fraforciniti,Ex M5S,Camera
FRACCARO Riccardo,riccardo_fra,M5S,Camera
FRATE Flora,FloraFrate,Azione/+Europa,Camera
FRUSONE Luca,lucafrusone,M5S,Camera
GAGNARLI Chiara,chiara_201181,M5S,Camera
GALANTINO Davide,davidegalantino,M5S,Camera
GALIZIA Francesca,9.93197078313603E+017,M5S,Camera
GALLINELLA Filippo,Gallinella_F,M5S,Camera
GALLO Luigi,LuigiGallo15,M5S,Camera
GIANNONE Veronica,\N,M5S,Camera
GIARRIZZO Andrea,\N,M5S,Camera
GIORDANO Conny,ConnyGiordano_5,M5S,Camera
GIULIANO Carla,\N,M5S,Camera
GIULIODORI Paolo,PaoloGiuliodori,Ex M5S,Camera
GRANDE Marta,MartaGrande87,M5S,Camera
GRILLO Giulia,GiuliaGrilloM5S,M5S,Camera
GRIMALDI Nicola,GrimaldM5s,M5S,Camera
GRIPPA Carmela,MELINDAGRIPPA,M5S,Camera
GUBITOSA Michele,\N,M5S,Camera
IANARO Angela,\N,M5S,Camera
INVIDIA Niccolo',\N,M5S,Camera
IORIO Marianna,\N,M5S,Camera
IOVINO Luigi,IovinoLuigiM5S,M5S,Camera
L'ABBATE Giuseppe,baffone5stelle,M5S,Camera
LAPIA Mara,LapiaMara,CD,Camera
LATTANZIO Paolo,\N,M5S,Camera
LICATINI Caterina,CLicatini,M5S,Camera
LIUZZI Mirella,mirellaliuzzi,M5S,Camera
LOMBARDO Antonio,\N,Verdi,Camera
LOREFICE Marialucia,Mlucialorefice,M5S,Camera
LORENZONI Gabriele,lorenzoni_m5s,M5S,Camera
LOVECCHIO Giorgio,Giorgiolovecc,M5S,Camera
MACINA Anna,AnnaMacina73,M5S,Camera
MAGLIONE Pasquale,maglione5stelle,M5S,Camera
MAMMI' Stefania,\N,M5S,Camera
MANCA Alberto,\N,M5S,Camera
MANIERO Alvise,\N,M5S,Camera
MANZO Teresa,terry_manzo,M5S,Camera
MARAIA Generoso,MaraiaGeneroso1,M5S,Camera
MARIANI Felice,FeliceMariani,M5S,Camera
MARINO Bernardo,\N,M5S,Camera
MARTINCIGLIO Vita,\N,M5S,Camera
MARZANA Maria,maria_marzana,M5S,Camera
MASI Angela,\N,M5S,Camera
MELICCHIO Alessandro,AlexMelicchio,M5S,Camera
MENGA Rosa,\N,M5S,Camera
MICILLO Salvatore,micillom5s,M5S,Camera
MIGLIORINO Luca,\N,M5S,Camera
MISITI Carmelo Massimo,mismas00,M5S,Camera
MURA Andrea,A_MuraOfficial,M5S,Camera
NANNI Iolanda,IolandaNanni,M5S,Camera
NAPPI Silvana,\N,M5S,Camera
NESCI Dalila,DalilaNesci,M5S,Camera
NITTI Michele,\N,M5S,Camera
OLGIATI Riccardo,rickyolgiati,M5S,Camera
ORRICO Anna Laura,AnnaLauraOrrico,M5S,Camera
PALLINI Maria,Maria_Pallini,M5S,Camera
PALMISANO Valentina,9.76863849793163E+017,M5S,Camera
PAPIRO Antonella,\N,M5S,Camera
PARENTELA Paolo,PaoloParentela,M5S,Camera
PARISSE Martina,\N,M5S,Camera
PAXIA Maria Laura,LauraPaxia,Ex M5S,Camera
PENNA Leonardo Salvatore,\N,M5S,Camera
PERANTONI Mario,\N,M5S,Camera
PERCONTI Filippo Giuseppe,\N,M5S,Camera
PIGNATONE Dedalo Cosimo Gaetano,\N,M5S,Camera
PROVENZA Nicola,NicolaProvenza,M5S,Camera
RADUZZI Raphael,RaphaelRaduzzi,Ex M5S,Camera
RAFFA Angela,RaffaAngela,M5S,Camera
RICCIARDI Riccardo,ricric77,M5S,Camera
RIZZO Gianluca,gianlucarizzo46,M5S,Camera
RIZZONE Marco,rizzonem,CD,Camera
ROMANIELLO Cristian,Cristian5stelle,Ex M5S,Camera
ROMANO Paolo Nicolo',romanopaolo,Ex M5S,Camera
ROSPI Gianluca,GianlucaRospi,Cambiamo!,Camera
ROSSINI Roberto,\N,M5S,Camera
RUGGIERO Francesca Anna,franna_rugg84,M5S,Camera
RUOCCO Carla,carlaruocco1,M5S,Camera
RUSSO Giovanni,\N,M5S,Camera
SAITTA Eugenio,eugenio_saitta,M5S,Camera
SALAFIA Angela,AngelaSalafia,M5S,Camera
SAPIA Francesco,francescosapia3,Ex M5S,Camera
SARLI Doriana,\N,M5S,Camera
SARTI Giulia,GiuliaSarti86,M5S,Camera
SCAGLIUSI Emanuele,E_Scagliusi,M5S,Camera
SCANU Lucia,luciasar,M5S,Camera
SCERRA Filippo,\N,M5S,Camera
SCUTELLA' Elisa,\N,M5S,Camera
SEGNERI Enrica,KikeSe81,M5S,Camera
SERRITELLA Davide,\N,M5S,Camera
SIBILIA Carlo,carlosibilia,M5S,Camera
SILVESTRI Francesco,FraSilvestriM5S,M5S,Camera
SILVESTRI Rachele,raksilv,Ex M5S,Camera
SIRAGUSA Elisa,\N,M5S,Camera
SODANO Michele,MicSodano,M5S,Camera
SPADAFORA Vincenzo,\N,M5S,Camera
SPADONI Maria Edera,mariaederaM5S,M5S,Camera
SPESSOTTO Arianna,AriannaM5s,Ex M5S,Camera
SPORTIELLO Gilda,\N,M5S,Camera
SURIANO Simona,simonasuriano,Ex M5S,Camera
SUT Luca,Luca_Sut,M5S,Camera
TERMINI Guia,Guia_Termini,Ex M5S,Camera
TERZONI Patrizia,PatriziaTerzoni,M5S,Camera
TESTAMENTO Rosa Alba,\N,Ex M5S,Camera
TOFALO Angelo,AngeloTofalo,M5S,Camera
TORTO Daniela,\N,M5S,Camera
TRANO Raffaele,raffaele_trano,Ex M5S,Camera
TRAVERSI Roberto,TraversiRoberto,M5S,Camera
TRIPIEDI Davide,\N,M5S,Camera
TRIPODI Elisa,ElisaTripodi2,M5S,Camera
TRIZZINO Giorgio,GiorgioTrizzino,M5S,Camera
TROIANO Francesca,Francesca_M5S,M5S,Camera
TUCCI Riccardo,RicTucci,M5S,Camera
TUZI Manuel,1.01701717397646E+018,M5S,Camera
VACCA Gianluca,GianlucaVacca,M5S,Camera
VALENTE Simone,ValenteM5S,M5S,Camera
VALLASCAS Andrea,AndreaVallascas,Ex M5S,Camera
VARRICA Adriano,AdrianoVarrica,M5S,Camera
VIANELLO Giovanni,8.214209414818E+017,M5S,Camera
VIGNAROLI Stefano,SVignaroli,M5S,Camera
VILLANI Virginia,VILLANIM5S,M5S,Camera
VILLAROSA Alessio Mattia,ale_villarosa,Ex M5S,Camera
VIZZINI Gloria,gloria_vizzini,Ex M5S,Camera
VOLPI Leda,\N,M5S,Camera
ZANICHELLI Davide,zani83,M5S,Camera
ZENNARO Antonio,\N,M5S,Camera
ZOLEZZI Alberto,ZolezziAlberto,M5S,Camera
ANDREUZZA Giorgia,GiorgiAndreuzza,Lega,Camera
BADOLE Mirco,\N,Lega,Camera
BASINI Giuseppe,\N,Lega,Camera
BAZZARO Alex,AlexBazzaro,Lega,Camera
BELLACHIOMA Giuseppe Ercole,\N,Lega,Camera
BELOTTI Daniele,\N,Lega,Camera
BENVENUTO Alessandro Manuel,\N,Lega,Camera
BIANCHI Matteo Luigi,bianchimatteo79,Lega,Camera
BILLI Simone,simo_billi,Lega,Camera
BINELLI Diego,\N,Lega,Camera
BISA Ingrid,\N,Lega,Camera
BITONCI Massimo,massimobitonci,Lega,Camera
BOLDI Rossana,\N,Lega,Camera
BONIARDI Fabio Massimo,\N,Lega,Camera
BORDONALI Simona,SimonaBordonali,Lega,Camera
BORGHI Claudio,borghi_claudio,Lega,Camera
CAFFARATTO Gualtiero,\N,Lega,Camera
CANTALAMESSA Gianluca,\N,Lega,Camera
CAPARVI Virginio,VCaparvi,Lega,Camera
CAPITANIO Massimiliano,maxcapitanio,Lega,Camera
CASTIELLO Giuseppina,\N,Lega,Camera
CATTOI Vanessa,\N,Lega,Camera
CAVANDOLI Laura,LaCavandoli,Lega,Camera
CECCHETTI Fabrizio,FabriCecchetti,Lega,Camera
CENTEMERO Giulio,\N,Lega,Camera
CESTARI Emanuele,\N,Lega,Camera
COIN Dimitri,\N,Lega,Camera
COLLA Jari,\N,Lega,Camera
COLMELLERE Angela,\N,Lega,Camera
COMAROLI Silvana Andreina,\N,Lega,Camera
COMENCINI Vito,\N,Lega,Camera
COVOLO Silvia,\N,Lega,Camera
CRIPPA Andrea,\N,Lega,Camera
DARA Andrea,\N,Lega,Camera
DE ANGELIS Sara,\N,Lega,Camera
DE MARTINI Guido,GuidoDeMartini,Lega,Camera
D'ERAMO Luigi,Luigi_DEramo,Lega,Camera
DI MURO Flavio,\N,Lega,Camera
DI SAN MARTINO LORENZATO DI IVREA Luis Roberto,\N,Lega,Camera
DONINA Giuseppe Cesare,\N,Lega,Camera
DURIGON Claudio,ClaudioDurigon,Lega,Camera
FANTUZ Marica,\N,Lega,Camera
FEDRIGA Massimiliano,M_Fedriga,Lega,Camera
FERRARI Roberto Paolo,\N,Lega,Camera
FOGLIANI Ketty,\N,Lega,Camera
FONTANA Lorenzo,Fontana3Lorenzo,Lega,Camera
FORMENTINI Paolo,\N,Lega,Camera
FOSCOLO Sara,sarafoscolo,Lega,Camera
FRASSINI Rebecca,rebeccafrassini,Lega,Camera
FUGATTI Maurizio,MaurizioFugatti,Lega,Camera
FURGIUELE Domenico,DomenicoFurgiu1,Lega,Camera
GALLI Dario,\N,Lega,Camera
GARAVAGLIA Massimo,massimogara,Lega,Camera
GASTALDI Flavio,FlavioGastaldi,Lega,Camera
GAVA Vannia,VanniaGava,Lega,Camera
GERARDI Francesca,\N,Lega,Camera
GIACCONE Andrea,AndreaGiaccone,Lega,Camera
GIACOMETTI Antonietta,\N,Lega,Camera
GIGLIO VIGNA Alessandro,\N,Lega,Camera
GIORGETTI Giancarlo,GGPaginaFan,Lega,Camera
GOBBATO Claudia,\N,Lega,Camera
GOLINELLI Guglielmo,GullyGolinelli,Lega,Camera
GRIMOLDI Paolo,GrimoldiPaolo,Lega,Camera
GUIDESI Guido,2197478480,Lega,Camera
GUSMEROLI Alberto Luigi,A_Gusmeroli,Lega,Camera
IEZZI Igor Giancarlo,igoriezzi,Lega,Camera
INVERNIZZI Cristian,cristianinve,Lega,Camera
LATINI Giorgia,latinigiorgia,Lega,Camera
LAZZARINI Arianna,arilazzarini,Lega,Camera
LEGNAIOLI Donatella,\N,Lega,Camera
LIUNI Marzio,\N,Lega,Camera
LOCATELLI Alessandra,Alesidcomo,Lega,Camera
LOLINI Mario,mariololini,Lega,Camera
LO MONTE Carmelo,\N,CD,Camera
LORENZONI Eva,\N,Lega,Camera
LUCCHINI Elena,ElenaLucchini,Lega,Camera
MACCANTI Elena,Elmac71,Lega,Camera
MAGGIONI Marco,marcmaggioni,Lega,Camera
MANZATO Franco,Franco_Manzato,Lega,Camera
MARCHETTI Riccardo Augusto,RiccardoAugust3,Lega,Camera
MATURI Filippo,\N,Lega,Camera
MOLINARI Riccardo,MolinariRik,Lega,Camera
MOLTENI Nicola,NicolaMolteni,Lega,Camera
MORELLI Alessandro,\N,Lega,Camera
MORRONE Jacopo,JacopoMorrone,Lega,Camera
MOSCHIONI Daniele,\N,Lega,Camera
MURELLI Elena,MurelliElena,Lega,Camera
PAGANO Alessandro,alepaganotwit,Lega,Camera
PANIZZUT Massimiliano,MaxiPanizzut,Lega,Camera
PAOLINI Luca Rodolfo,\N,Lega,Camera
PAROLO Ugo,UgoParolo,Lega,Camera
PATASSINI Tullio,\N,Lega,Camera
PATELLI Cristina,cripatelli,Lega,Camera
PATERNOSTER Paolo,\N,Lega,Camera
PETTAZZI Lino,\N,Lega,Camera
PIASTRA Carlo,CarloPiastra,Lega,Camera
PICCHI Guglielmo,guglielmopicchi,Lega,Camera
POTENTI Manfredi,\N,Lega,Camera
PRETTO Erik Umberto,\N,Lega,Camera
RACCHELLA Germano,\N,Lega,Camera
RAFFAELLI Elena,\N,Lega,Camera
RIBOLLA Alberto,AlbertoRibolla,Lega,Camera
RIXI Edoardo,edorixi,Lega,Camera
SALTAMARTINI Barbara,BSaltamartini,Lega,Camera
SASSO Rossano,roxsasso,Lega,Camera
SEGNANA Stefania,\N,Lega,Camera
STEFANI Alberto,\N,Lega,Camera
TARANTINO Leonardo,\N,Lega,Camera
TATEO Anna Rita,tateo_annarita,Lega,Camera
TERZI Claudia Maria,cmterzi,Lega,Camera
TIRAMANI Paolo,PaoloTiramani,Lega,Camera
TOMASI Maura,mauratomasi,Lega,Camera
TOMBOLATO Giovanni Battista,\N,Lega,Camera
TONELLI Gianni,GianniTonelli,Lega,Camera
TURRI Roberto,\N,Lega,Camera
VALBUSA Vania,\N,Lega,Camera
VALLOTTO Sergio,\N,Lega,Camera
VINCI Gianluca,GianlucaVinci80,Lega,Camera
VIVIANI Lorenzo,\N,Lega,Camera
VOLPI Raffaele,volpi_raffaele,Lega,Camera
ZANOTELLI Giulia,\N,Lega,Camera
ZICCHIERI Francesco,\N,Lega,Camera
ZIELLO Edoardo,EdoardoZiello1,Lega,Camera
ZOFFILI Eugenio,eugenio_zoffili,Lega,Camera
ZORDAN Adolfo,\N,Lega,Camera
ANGELUCCI Antonio,AvvAngelucci,Forza Italia,Camera
APREA Valentina,ApreaValentina,Forza Italia,Camera
BAGNASCO Roberto,RobBagnasco,Forza Italia,Camera
BALDELLI Simone,simonebaldelli,Forza Italia,Camera
BARATTO Raffaele,Raffabaratto,Forza Italia,Camera
BARELLI Paolo,\N,Forza Italia,Camera
BARONI Anna Lisa,annalisabaroni,Forza Italia,Camera
BARTOLOZZI Giusi,giusibartolozzi,Forza Italia,Camera
BATTILOCCHIO Alessandro,Battilocchio,Forza Italia,Camera
BENDINELLI Davide,d_bendinelli,Italia Viva,Camera
BENIGNI Stefano,stefanobenigni,Cambiamo!,Camera
BERGAMINI Deborah,DeborahBergamin,Forza Italia,Camera
BIANCOFIORE Michaela,BiancofioreMiky,Forza Italia,Camera
BIGNAMI Galeazzo,galeazzobignami,Forza Italia,Camera
BOND Dario,\N,Forza Italia,Camera
BRAMBILLA Michela Vittoria,mvbrambilla,Forza Italia,Camera
BRUNETTA Renato,renatobrunetta,Forza Italia,Camera
CALABRIA Annagrazia,CalabriaTw,Forza Italia,Camera
CANNATELLI Pasquale,\N,Forza Italia,Camera
CANNIZZARO Francesco,FrCannizzaro,Forza Italia,Camera
CAON Roberto,Roberto__Caon,Forza Italia,Camera
CAPPELLACCI Ugo,ugocappellacci,Forza Italia,Camera
CARFAGNA Maria Rosaria,mara_carfagna,Forza Italia,Camera
CARRARA Maurizio,Mauri_Carrara,Forza Italia,Camera
CASCIELLO Luigi,\N,Forza Italia,Camera
CASINO Michele,casino_michele,Forza Italia,Camera
CASSINELLI Roberto,\N,Forza Italia,Camera
CATTANEO Alessandro,aleCattaneo79,Forza Italia,Camera
CORTELAZZO Piergiorgio,\N,Forza Italia,Camera
COSTA Enrico,\N,Azione/+Europa,Camera
CRISTINA Mirella,mire_cris,Forza Italia,Camera
D'ATTIS Mauro,MauroDattis,Forza Italia,Camera
DELLA FRERA Guido,\N,Forza Italia,Camera
D'ETTORE Felice Maurizio,\N,Forza Italia,Camera
FASANO Vincenzo,\N,Forza Italia,Camera
FASCINA Marta Antonia,\N,Forza Italia,Camera
FATUZZO Carlo,carlo_fatuzzo,Forza Italia,Camera
FERRAIOLI Marzia,marferraioli,Forza Italia,Camera
FIORINI Benedetta,bennyfiorini,Forza Italia,Camera
FITZGERALD NISSOLI Fucsia,fucsiaUSA,Forza Italia,Camera
FONTANA Gregorio,Greg_Fontana,Forza Italia,Camera
GAGLIARDI Manuela,\N,Forza Italia,Camera
GELMINI Mariastella,msgelmini,Forza Italia,Camera
GERMANA' Antonino,\N,Forza Italia,Camera
GIACOMETTO Carlo,\N,Forza Italia,Camera
GIACOMONI Sestino,\N,Forza Italia,Camera
LABRIOLA Vincenza,Vincenza_Lab,Forza Italia,Camera
MANDELLI Andrea,mandelli_andrea,Forza Italia,Camera
MARIN Marco,Marin63Marco,Forza Italia,Camera
MARROCCO Patrizia,MarroccoPatty,Forza Italia,Camera
MARTINO Antonio,antoniomartinop,Forza Italia,Camera
MAZZETTI Erica,\N,Forza Italia,Camera
MILANATO Lorena,LorenaMilanato,Forza Italia,Camera
MINARDO Antonino,NinoMinardo,Forza Italia,Camera
MUGNAI Stefano,stefano_mugnai,Forza Italia,Camera
MULE' Giorgio,giorgiomule,Forza Italia,Camera
MUSELLA Graziano,\N,Forza Italia,Camera
NAPOLI Osvaldo,osvaldo_napoli_,Forza Italia,Camera
NEVI Raffaele,raffaelenevi,Forza Italia,Camera
NOVELLI Roberto,novelliroberto,Forza Italia,Camera
OCCHIUTO Roberto,robertoocchiuto,Forza Italia,Camera
ORSINI Andrea,Andrors,Forza Italia,Camera
PALMIERI Antonio,antoniopalmieri,Forza Italia,Camera
PEDRAZZINI Claudio,Pedrazzini_,Cambiamo!,Camera
PELLA Roberto,roberto_pella,Forza Italia,Camera
PENTANGELO Antonio,1374146521,Forza Italia,Camera
PEREGO DI CREMNAGO Matteo,\N,Forza Italia,Camera
PETTARIN Guido Germano,GuidoPettarin,Forza Italia,Camera
PITTALIS Pietro,PittalisPietro,Forza Italia,Camera
POLIDORI Catia,CatiaPolidori,Forza Italia,Camera
POLVERINI Renata,renatapolverini,Forza Italia,Camera
PORCHIETTO Claudia,ClaudiaPorchiet,Forza Italia,Camera
PRESTIGIACOMO Stefania,stefprest,Forza Italia,Camera
RAVETTO Laura,lauraravetto,Forza Italia,Camera
RIPANI Elisabetta,BettaRipani,Forza Italia,Camera
ROSSELLO Cristina,AvvRossello,Forza Italia,Camera
ROSSO Roberto,\N,Forza Italia,Camera
ROTONDI Gianfranco,grotondi,Forza Italia,Camera
RUFFINO Daniela,DanielaRuffino2,Cambiamo!,Camera
RUGGIERI Andrea,rugge75,Forza Italia,Camera
RUSSO Paolo,_PaoloRusso_,Forza Italia,Camera
SACCANI JOTTI Gloria M.R.,\N,Forza Italia,Camera
SANTELLI Jole,jole_santelli,Forza Italia,Camera
SARRO Carlo,8.52980514436854E+017,Forza Italia,Camera
SAVINO Elvira,elvirasavino,Forza Italia,Camera
SAVINO Sandra,Sandra_Savino,Forza Italia,Camera
SCOMA Francesco,francesco_scoma,Italia Viva,Camera
SGARBI Vittorio,VittorioSgarbi,Noi con l’Italia,Camera
SIBILIA Cosimo,8.69203195301687E+017,Forza Italia,Camera
SILLI Giorgio,GiorgioSilli,Cambiamo!,Camera
SIRACUSANO Matilde,mati_siracusano,Forza Italia,Camera
SISTO Francesco Paolo,\N,Forza Italia,Camera
SORTE Alessandro,sortealex,Cambiamo!,Camera
SOZZANI Diego,SozzaniDiego,Forza Italia,Camera
SPENA Maria,maria_spena,Forza Italia,Camera
SQUERI Luca,LucaSqueri,Forza Italia,Camera
TARTAGLIONE Annaelsa,AnnaelsaT,Forza Italia,Camera
TRIPODI Maria,tripodimaria,Forza Italia,Camera
VALENTINI Valentino,\N,Forza Italia,Camera
VERSACE Giuseppina,GiusyVersace,Forza Italia,Camera
VIETINA Simona,\N,Forza Italia,Camera
VITO Elio,elio_vito,Forza Italia,Camera
ZANELLA Federica,federicazanella,Forza Italia,Camera
ZANETTIN Pierantonio,PierantonioZ,Forza Italia,Camera
ZANGRILLO Paolo,\N,Forza Italia,Camera
ANNIBALI Lucia,LAnnibali,Italia Viva,Camera
ANZALDI Michele,Michele_Anzaldi,Italia Viva,Camera
ASCANI Anna,AnnaAscani,PD,Camera
BAZOLI Alfredo,alfredobazoli,PD,Camera
BENAMATI Gianluca,GBenamati,PD,Camera
BERLINGHIERI Marina,M_Berlinghieri,PD,Camera
BOCCIA Francesco,F_Boccia,PD,Camera
BONOMO Francesca,FraBonomo,PD,Camera
BORDO Michele,bordomichele,PD,Camera
BORGHI Enrico,EnricoBorghi1,PD,Camera
BOSCHI Maria Elena,meb,Italia Viva,Camera
BRAGA Chiara,bragachiara,PD,Camera
BRUNO BOSSIO Vincenza,enzabrunobossio,PD,Camera
CAMPANA Micaela,micaela_campana,PD,Camera
CANTINI Laura,CantiniL,PD,Camera
CANTONE Carla,carla_cantone,PD,Camera
CARDINALE Daniela,\N,CD,Camera
CARE' Nicola,9.58522192857252E+017,PD,Camera
CARNEVALI Elena,ElenaCarnevali,PD,Camera
CECCANTI Stefano,StefanoCeccanti,PD,Camera
CENNI Susanna,susannacenni,PD,Camera
CIAMPI Lucia,\N,PD,Camera
COLANINNO Matteo,\N,Italia Viva,Camera
CRITELLI Francesco,\N,PD,Camera
D'ALESSANDRO Camillo,DalessandroCam,Italia Viva,Camera
DAL MORO Gian Pietro,\N,PD,Camera
DE FILIPPO Vito,Vito_DeFilippo,PD,Camera
DEL BARBA Mauro,emmedibi,Italia Viva,Camera
DEL BASSO DE CARO Umberto,\N,PD,Camera
DELRIO Graziano,graziano_delrio,PD,Camera
DE LUCA Piero,Piero_De_Luca,PD,Camera
DE MARIA Andrea,andreademaria_,PD,Camera
DE MENECH Roger,RogerDeMenech,PD,Camera
DE MICHELI Paola,paola_demicheli,PD,Camera
DI GIORGI Rosa Maria,RosaMDiGiorgi,PD,Camera
DI MAIO Marco,marcodimaio,Italia Viva,Camera
ERMINI David,DavidErmini1,PD,Camera
FASSINO Piero,pierofassino,PD,Camera
FERRI Cosimo Maria,FerriCosimo,Italia Viva,Camera
FIANO Emanuele,emanuelefiano,PD,Camera
FRAGOMELI Gian Mario,GianmarioFrago,PD,Camera
FRANCESCHINI Dario,dariofrance,PD,Camera
FREGOLENT Silvia,SilviaFregolent,Italia Viva,Camera
GADDA Maria Chiara,McGadda,Italia Viva,Camera
GARIGLIO Davide,DavideGariglio,PD,Camera
GENTILONI SILVERI Paolo,PaoloGentiloni,PD,Camera
GIACHETTI Roberto,bobogiac,Italia Viva,Camera
GIACOMELLI Antonello,Antonellogiac,PD,Camera
GIORGIS Andrea,giorgis65,PD,Camera
GRIBAUDO Chiara,chiaragribaudo,PD,Camera
GUERINI Lorenzo,guerini_lorenzo,PD,Camera
INCERTI Antonella,antoincerti,PD,Camera
LACARRA Marco,marco_lacarra,PD,Camera
LA MARCA Francesca,FrancescaLaMar,PD,Camera
LEPRI Stefano,stefanolepri,PD,Camera
LIBRANDI Gianfranco,GFLibrandi,Italia Viva,Camera
LOSACCO Alberto,albertolosacco,PD,Camera
LOTTI Luca,LottiLuca,PD,Camera
MADIA Maria Anna,mariannamadia,PD,Camera
MANCA Gavino,GavinoMancaPd,PD,Camera
MANCINI Claudio,\N,PD,Camera
MARATTIN Luigi,marattin,Italia Viva,Camera
MARTINA Maurizio,maumartina,PD,Camera
MAURI Matteo,mmauripd,PD,Camera
MELILLI Fabio,\N,PD,Camera
MICELI Carmelo,carmelomiceliPD,PD,Camera
MIGLIORE Gennaro,gennaromigliore,Italia Viva,Camera
MINNITI Marco,\N,PD,Camera
MOR Mattia,MorMattia,Italia Viva,Camera
MORANI Alessia,AlessiaMorani,PD,Camera
MORASSUT Roberto,RMorassut,PD,Camera
MORETTO Sara,sara_moretto,Italia Viva,Camera
MORGONI Mario,mariomorgoni,PD,Camera
MURA Romina,RominaMura,PD,Camera
NARDI Martina,martinanardi4,PD,Camera
NAVARRA Pietro,PietroCandidato,PD,Camera
NOBILI Luciano,lucianonobili,Italia Viva,Camera
NOJA Lisa,lisanoja,Italia Viva,Camera
ORFINI Matteo,orfini,PD,Camera
ORLANDO Andrea,AndreaOrlandosp,PD,Camera
PADOAN Pietro Carlo,PCPadoan,PD,Camera
PAGANI Alberto,\N,PD,Camera
PAGANO Ubaldo,ubaldopagano,PD,Camera
PAITA Raffaella,raffaellapaita,Italia Viva,Camera
PELLICANI Nicola,ConPellicani,PD,Camera
PEZZOPANE Stefania,stefaniapezzopa,PD,Camera
PICCOLI NARDELLI Flavia,FlaviaNardelli1,PD,Camera
PINI Giuditta,giuditta_pini,PD,Camera
PIZZETTI Luciano,\N,PD,Camera
POLLASTRINI Barbara,\N,PD,Camera
PORTAS Giacomo,\N,PD,Camera
PRESTIPINO Patrizia,patriziaprestip,PD,Camera
QUARTAPELLE PROCOPIO Lia,LiaQuartapelle,PD,Camera
RACITI Fausto,faustorac,PD,Camera
RIZZO NERVO Luca,lucarizzonervo,PD,Camera
ROMANO Andrea,AndreaRomano9,PD,Camera
ROSATO Ettore,Ettore_Rosato,Italia Viva,Camera
ROSSI Andrea,andrearossi76,PD,Camera
ROTTA Alessia,alessiarotta,PD,Camera
SCALFAROTTO Ivan,ivanscalfarotto,Italia Viva,Camera
SCHIRO' Angela,angela_schiro,PD,Camera
SENSI Filippo,\N,PD,Camera
SERRACCHIANI Debora,serracchiani,PD,Camera
SIANI Paolo,SianiPaolo,PD,Camera
TOPO Raffaele,\N,PD,Camera
UNGARO Massimo,MassimoUngaro,Italia Viva,Camera
VAZIO Franco,francovazio,PD,Camera
VERINI Walter,VeriniWalter,PD,Camera
VISCOMI Antonio,a_viscomi,PD,Camera
ZAN Alessandro,ZanAlessandro,PD,Camera
ZARDINI Diego,DiegoZardini,PD,Camera
BENEDETTI Silvia,SilviaPortavoce,Ex M5S,Camera
BORGHESE Mario Alejandro,MarioBorgheseOK,MAIE,Camera
CAIATA Salvatore,CaiataSalvatore,FDI,Camera
CECCONI Andrea,andreacecconi84,Verdi,Camera
TASSO Antonio,antoniotasso,MAIE,Camera
VITIELLO Catello,CatelloVitiell1,Italia Viva,Camera
BERSANI Pier Luigi,pbersani,LEU,Camera
BOLDRINI Laura,lauraboldrini,LEU,Camera
CONTE Federico,fedeavvconte,LEU,Camera
EPIFANI Ettore Guglielmo,gu_epifani,LEU,Camera
FASSINA Stefano,StefanoFassina,LEU,Camera
FORNARO Federico,Fornaro62,LEU,Camera
FRATOIANNI Nicola,Nfratoianni,LEU,Camera
MURONI Rossella,RossellaMuroni,Verdi,Camera
OCCHIONERO Giuseppina,GiusyOcchionero,Italia Viva,Camera
PALAZZOTTO Erasmo,EPalazzotto,LEU,Camera
PASTORINO Luca,lucapasto71,LEU,Camera
ROSTAN Michela,MichelaRostan,Italia Viva,Camera
SPERANZA Roberto,robersperanza,LEU,Camera
STUMPO Nicola,\N,LEU,Camera
COLUCCI Ale,\N,MISTO; +EUROPA-CENTRO DEMOCRATICO,Camera
LUPI Maurizio,Maurizio_Lupi,Noi con l’Italia,Camera
TONDO Renzo,renzotondo,Noi con l’Italia,Camera
FUSACCHIA Alessandro,FusacchiA,Verdi,Camera
MAGI Riccardo,riccardomagi,Azione/+Europa,Camera
TABACCI Bruno,BrunoTabacci,CD,Camera
GEBHARD Renate,\N,MISTO; MINORANZE LINGUISTICHE,Camera
PLANGGER Albrecht,\N,MISTO; MINORANZE LINGUISTICHE,Camera
ROSSINI Emanuela,\N,MISTO; MINORANZE LINGUISTICHE,Camera
SCHULLIAN Manfred,\N,MISTO; MINORANZE LINGUISTICHE,Camera
LONGO Fausto,\N,MAIE,Camera
LORENZIN Beatrice,BeaLorenzin,PD,Camera
SOVERINI Serse,\N,MISTO; CIVICA POPOLARE-AP-PSI-AREA CIVICA,Camera
TOCCAFONDI Gabriele,Gtoccafondi,Italia Viva,Camera
SANGREGORIO Eugenio,\N,MISTO; non iscritto ad alcuna componente politica,Camera
